[
    {
        "id":1,
        "paciente": 1,
        "personalMedico": 1,
        "fecha": "2020-12-21T10:01:26.625Z",
        "tomaMedicamentos": true,
        "temperatura": 38,
        "presion": "120/80",
        "nivelGlucosa":"NA",
        "spO2": 95,
        "sintomas":[
            "dolor de cabeza",
            "mareos"
        ],
        "tratamiento": "NA",
        "novedades":[
            "fiebre",
            "toma de acetaminofen",
            "requiere control"
        ]
    }
]
